attendance_id,status,time
47,In,17-10-2020 06:48:39
15,In,17-10-2020 06:55:46
74,In,17-10-2020 06:55:52
20,In,17-10-2020 06:55:57
100,In,17-10-2020 06:56:17
158,In,17-10-2020 06:56:35
225,In,17-10-2020 06:56:43
6,In,17-10-2020 06:57:40
9,In,17-10-2020 06:57:54
147,In,17-10-2020 06:58:13
147,In,17-10-2020 06:58:18
98,In,17-10-2020 06:58:57
150,In,17-10-2020 06:59:01
115,In,17-10-2020 06:59:07
37,In,17-10-2020 07:00:08
244,In,17-10-2020 07:01:15
164,In,17-10-2020 07:01:49
178,In,17-10-2020 07:02:00
79,In,17-10-2020 07:02:17
156,In,17-10-2020 07:03:08
110,In,17-10-2020 07:03:29
117,In,17-10-2020 07:03:32
208,In,17-10-2020 07:03:45
55,In,17-10-2020 07:03:51
36,In,17-10-2020 07:03:55
59,In,17-10-2020 07:03:59
57,In,17-10-2020 07:04:03
67,In,17-10-2020 07:04:13
106,In,17-10-2020 07:06:05
8,In,17-10-2020 07:07:28
39,In,17-10-2020 07:07:32
39,In,17-10-2020 07:07:34
28,In,17-10-2020 07:07:38
66,In,17-10-2020 07:07:42
99,In,17-10-2020 07:07:54
149,In,17-10-2020 07:07:57
80,In,17-10-2020 07:09:44
84,In,17-10-2020 07:09:51
231,In,17-10-2020 07:09:58
229,In,17-10-2020 07:10:04
124,In,17-10-2020 07:10:09
183,In,17-10-2020 07:10:37
182,In,17-10-2020 07:10:40
215,In,17-10-2020 07:10:43
181,In,17-10-2020 07:10:50
210,In,17-10-2020 07:10:54
82,In,17-10-2020 07:11:00
81,In,17-10-2020 07:11:05
126,In,17-10-2020 07:11:13
68,In,17-10-2020 07:12:37
243,In,17-10-2020 07:12:43
223,In,17-10-2020 07:13:01
125,In,17-10-2020 07:13:40
128,In,17-10-2020 07:13:54
133,In,17-10-2020 07:13:57
198,In,17-10-2020 07:14:27
201,In,17-10-2020 07:15:12
203,In,17-10-2020 07:15:22
131,In,17-10-2020 07:15:32
207,In,17-10-2020 07:15:45
214,In,17-10-2020 07:15:49
130,In,17-10-2020 07:15:50
103,In,17-10-2020 07:15:55
123,In,17-10-2020 07:16:00
242,In,17-10-2020 07:16:04
219,In,17-10-2020 07:16:16
166,In,17-10-2020 07:16:21
236,In,17-10-2020 07:16:37
237,In,17-10-2020 07:16:41
212,In,17-10-2020 07:17:21
75,In,17-10-2020 07:18:31
76,In,17-10-2020 07:18:36
205,In,17-10-2020 07:18:41
245,In,17-10-2020 07:19:21
216,In,17-10-2020 07:19:33
70,In,17-10-2020 07:19:49
153,In,17-10-2020 07:19:52
71,In,17-10-2020 07:19:54
159,In,17-10-2020 07:20:32
240,In,17-10-2020 07:20:46
224,In,17-10-2020 07:20:52
233,In,17-10-2020 07:21:02
234,In,17-10-2020 07:21:10
83,In,17-10-2020 07:21:14
177,In,17-10-2020 07:21:59
161,In,17-10-2020 07:22:08
91,In,17-10-2020 07:22:28
52,In,17-10-2020 07:22:35
167,In,17-10-2020 07:23:24
241,In,17-10-2020 07:23:39
170,In,17-10-2020 07:23:44
132,In,17-10-2020 07:24:08
163,In,17-10-2020 07:24:11
116,In,17-10-2020 07:24:18
211,In,17-10-2020 07:24:40
200,In,17-10-2020 07:24:45
19,In,17-10-2020 07:24:48
29,In,17-10-2020 07:24:52
34,In,17-10-2020 07:24:57
121,In,17-10-2020 07:25:15
137,In,17-10-2020 07:26:24
119,In,17-10-2020 07:26:40
120,In,17-10-2020 07:26:56
62,In,17-10-2020 07:26:59
154,In,17-10-2020 07:27:03
63,In,17-10-2020 07:27:07
102,In,17-10-2020 07:27:43
94,In,17-10-2020 07:28:03
151,In,17-10-2020 07:28:14
191,In,17-10-2020 07:28:40
195,In,17-10-2020 07:28:47
195,In,17-10-2020 07:28:48
138,In,17-10-2020 07:28:56
179,In,17-10-2020 07:29:07
176,In,17-10-2020 07:29:37
113,In,17-10-2020 07:29:48
104,In,17-10-2020 07:29:50
218,In,17-10-2020 07:30:44
26,In,17-10-2020 07:30:57
184,In,17-10-2020 07:32:57
38,In,17-10-2020 07:33:01
22,In,17-10-2020 07:33:03
73,In,17-10-2020 07:33:08
90,In,17-10-2020 07:33:16
87,In,17-10-2020 07:33:48
85,In,17-10-2020 07:33:51
185,In,17-10-2020 07:35:12
175,In,17-10-2020 07:35:46
165,In,17-10-2020 07:36:39
114,In,17-10-2020 07:36:49
88,In,17-10-2020 07:39:21
111,In,17-10-2020 07:40:12
190,In,17-10-2020 07:41:05
168,In,17-10-2020 07:41:41
146,In,17-10-2020 07:43:54
92,In,17-10-2020 07:43:56
193,In,17-10-2020 07:44:12
23,In,17-10-2020 07:44:40
171,In,17-10-2020 07:45:37
160,In,17-10-2020 07:45:44
160,In,17-10-2020 07:45:47
101,In,17-10-2020 07:46:01
221,In,17-10-2020 07:46:10
174,In,17-10-2020 07:46:13
230,In,17-10-2020 07:46:16
197,In,17-10-2020 07:46:21
61,In,17-10-2020 07:52:01
199,In,17-10-2020 07:52:33
209,In,17-10-2020 07:53:44
86,In,17-10-2020 07:53:57
202,In,17-10-2020 07:54:08
189,In,17-10-2020 07:58:20
24,In,17-10-2020 07:59:04
148,In,17-10-2020 08:01:15
25,In,17-10-2020 08:02:19
2,In,17-10-2020 08:02:24
13,In,17-10-2020 08:05:26
188,In,17-10-2020 08:06:12
169,In,17-10-2020 08:08:08
239,In,17-10-2020 08:08:15
35,In,17-10-2020 08:08:50
213,In,17-10-2020 08:08:55
118,In,17-10-2020 08:10:49
5,In,17-10-2020 08:15:46
228,In,17-10-2020 08:16:54
187,In,17-10-2020 08:16:59
238,In,17-10-2020 08:20:12
235,In,17-10-2020 08:20:23
109,In,17-10-2020 08:21:30
220,In,17-10-2020 08:22:18
232,In,17-10-2020 08:23:03
11,In,17-10-2020 08:49:08
91,In,17-10-2020 09:29:46
247,In,17-10-2020 09:57:59
185,Out,17-10-2020 11:03:00
213,Out,17-10-2020 13:30:24
248,Out,17-10-2020 14:39:16
249,Out,17-10-2020 14:42:35
250,Out,17-10-2020 14:45:05
212,Out,17-10-2020 14:59:53
118,Out,17-10-2020 15:00:11
136,Out,17-10-2020 15:00:14
146,Out,17-10-2020 15:00:19
216,Out,17-10-2020 15:00:22
135,Out,17-10-2020 15:00:25
135,Out,17-10-2020 15:00:34
202,Out,17-10-2020 15:00:38
160,Out,17-10-2020 15:00:55
84,Out,17-10-2020 15:00:58
201,Out,17-10-2020 15:01:02
209,Out,17-10-2020 15:01:05
197,Out,17-10-2020 15:01:07
196,Out,17-10-2020 15:01:10
86,Out,17-10-2020 15:01:12
118,Out,17-10-2020 15:01:15
199,Out,17-10-2020 15:01:19
211,Out,17-10-2020 15:01:22
200,Out,17-10-2020 15:01:24
193,Out,17-10-2020 15:01:28
163,Out,17-10-2020 15:01:30
130,Out,17-10-2020 15:01:32
132,Out,17-10-2020 15:01:34
131,Out,17-10-2020 15:01:42
203,Out,17-10-2020 15:01:48
207,Out,17-10-2020 15:01:51
198,Out,17-10-2020 15:01:54
167,Out,17-10-2020 15:01:59
214,Out,17-10-2020 15:02:03
208,Out,17-10-2020 15:02:13
179,Out,17-10-2020 15:02:18
83,Out,17-10-2020 15:02:20
120,Out,17-10-2020 15:02:24
121,Out,17-10-2020 15:02:27
85,Out,17-10-2020 15:02:30
223,Out,17-10-2020 15:02:34
119,Out,17-10-2020 15:02:37
205,Out,17-10-2020 15:02:40
176,Out,17-10-2020 15:02:43
126,Out,17-10-2020 15:02:46
168,Out,17-10-2020 15:02:49
113,Out,17-10-2020 15:02:56
111,Out,17-10-2020 15:02:59
150,Out,17-10-2020 15:03:03
110,Out,17-10-2020 15:03:06
115,Out,17-10-2020 15:03:10
52,Out,17-10-2020 15:03:14
116,Out,17-10-2020 15:03:19
248,Out,17-10-2020 15:03:23
245,Out,17-10-2020 15:03:25
188,Out,17-10-2020 15:03:28
178,Out,17-10-2020 15:03:32
117,Out,17-10-2020 15:03:36
114,Out,17-10-2020 15:03:47
94,Out,17-10-2020 15:03:59
151,Out,17-10-2020 15:04:04
190,Out,17-10-2020 15:04:14
189,Out,17-10-2020 15:05:18
88,Out,17-10-2020 15:05:19
98,Out,17-10-2020 15:06:00
187,Out,17-10-2020 15:06:06
92,Out,17-10-2020 15:06:11
90,Out,17-10-2020 15:06:15
175,Out,17-10-2020 15:06:19
247,Out,17-10-2020 15:06:23
73,Out,17-10-2020 15:06:52
2,Out,17-10-2020 15:07:30
26,Out,17-10-2020 15:07:32
36,Out,17-10-2020 15:07:36
125,Out,17-10-2020 15:07:43
133,Out,17-10-2020 15:07:54
244,Out,17-10-2020 15:08:00
128,Out,17-10-2020 15:08:31
218,Out,17-10-2020 15:08:35
24,Out,17-10-2020 15:09:21
231,Out,17-10-2020 15:10:54
229,Out,17-10-2020 15:11:01
71,Out,17-10-2020 15:11:25
148,Out,17-10-2020 15:11:28
241,Out,17-10-2020 15:12:18
234,Out,17-10-2020 15:12:25
228,Out,17-10-2020 15:12:28
243,Out,17-10-2020 15:12:30
239,Out,17-10-2020 15:12:33
80,Out,17-10-2020 15:12:40
219,Out,17-10-2020 15:12:43
174,Out,17-10-2020 15:12:46
11,Out,17-10-2020 15:13:35
53,Out,17-10-2020 15:13:43
68,Out,17-10-2020 15:13:52
13,Out,17-10-2020 15:14:57
81,Out,17-10-2020 15:15:24
82,Out,17-10-2020 15:15:28
181,Out,17-10-2020 15:15:53
210,Out,17-10-2020 15:15:55
183,Out,17-10-2020 15:15:57
182,Out,17-10-2020 15:16:02
233,Out,17-10-2020 15:16:09
249,Out,17-10-2020 15:17:40
123,Out,17-10-2020 15:17:47
37,Out,17-10-2020 15:17:52
37,Out,17-10-2020 15:17:54
250,Out,17-10-2020 15:17:56
104,Out,17-10-2020 15:18:03
137,Out,17-10-2020 15:18:47
100,Out,17-10-2020 15:19:03
35,Out,17-10-2020 15:19:25
102,Out,17-10-2020 15:19:35
103,Out,17-10-2020 15:19:38
164,Out,17-10-2020 15:19:41
99,Out,17-10-2020 15:19:45
236,Out,17-10-2020 15:20:21
165,Out,17-10-2020 15:20:54
101,Out,17-10-2020 15:21:00
171,Out,17-10-2020 15:21:05
156,Out,17-10-2020 15:22:02
28,Out,17-10-2020 15:23:09
70,Out,17-10-2020 15:23:13
5,Out,17-10-2020 15:23:35
153,Out,17-10-2020 15:23:39
173,Out,17-10-2020 15:23:55
240,Out,17-10-2020 15:25:11
221,Out,17-10-2020 15:25:33
230,Out,17-10-2020 15:25:37
238,Out,17-10-2020 15:25:49
232,Out,17-10-2020 15:25:52
235,Out,17-10-2020 15:25:56
220,Out,17-10-2020 15:25:59
61,Out,17-10-2020 15:29:06
251,Out,17-10-2020 15:29:36
242,Out,17-10-2020 15:29:46
252,Out,17-10-2020 15:31:20
224,Out,17-10-2020 15:31:28
237,Out,17-10-2020 15:31:31
23,Out,17-10-2020 15:35:01
195,Out,17-10-2020 15:35:58
62,Out,17-10-2020 15:36:08
154,Out,17-10-2020 15:36:22
225,Out,17-10-2020 15:37:23
8,Out,17-10-2020 15:37:50
74,Out,17-10-2020 15:38:20
63,Out,17-10-2020 15:38:24
67,Out,17-10-2020 15:38:28
19,Out,17-10-2020 15:40:25
6,Out,17-10-2020 15:41:33
147,Out,17-10-2020 15:41:38
59,Out,17-10-2020 15:41:42
215,Out,17-10-2020 15:41:44
57,Out,17-10-2020 15:41:49
109,Out,17-10-2020 15:41:54
139,Out,17-10-2020 15:43:22
77,Out,17-10-2020 15:43:36
169,Out,17-10-2020 15:43:44
39,Out,17-10-2020 15:44:47
191,Out,17-10-2020 15:45:05
138,Out,17-10-2020 15:45:08
159,Out,17-10-2020 15:46:41
204,Out,17-10-2020 15:49:15
38,Out,17-10-2020 15:50:52
75,Out,17-10-2020 15:50:53
184,Out,17-10-2020 15:50:55
15,Out,17-10-2020 15:50:58
22,Out,17-10-2020 15:51:00
34,Out,17-10-2020 15:51:06
29,Out,17-10-2020 15:51:11
29,Out,17-10-2020 15:51:12
22,Out,17-10-2020 15:51:14
226,Out,17-10-2020 15:51:20
124,Out,17-10-2020 15:51:32
76,Out,17-10-2020 15:51:34
17,Out,17-10-2020 15:51:38
17,Out,17-10-2020 15:51:42
177,Out,17-10-2020 15:51:56
177,Out,17-10-2020 15:51:58
251,Out,17-10-2020 15:52:04
79,Out,17-10-2020 15:53:49
158,Out,17-10-2020 15:54:25
55,Out,17-10-2020 15:54:48
170,Out,17-10-2020 15:54:51
66,Out,17-10-2020 15:54:56
161,Out,17-10-2020 15:55:27
54,Out,17-10-2020 15:56:53
252,Out,17-10-2020 15:57:11
155,Out,17-10-2020 15:57:57
20,Out,17-10-2020 16:00:38
149,Out,17-10-2020 16:13:22
49,Out,17-10-2020 16:14:25
47,Out,17-10-2020 16:15:58
222,Out,17-10-2020 16:16:29
141,Out,17-10-2020 16:16:33
25,Out,17-10-2020 16:42:56
106,Out,17-10-2020 16:48:07
166,Out,17-10-2020 17:02:00
166,Out,17-10-2020 17:02:02
206,Out,17-10-2020 17:21:40
49,In,18-10-2020 06:25:58
77,In,18-10-2020 06:33:52
177,In,18-10-2020 06:40:03
161,In,18-10-2020 06:40:19
47,In,18-10-2020 06:42:00
222,In,18-10-2020 06:42:35
54,In,18-10-2020 06:42:41
141,In,18-10-2020 06:42:46
124,In,18-10-2020 06:43:46
166,In,18-10-2020 06:46:25
136,In,18-10-2020 06:46:32
135,In,18-10-2020 06:46:37
135,In,18-10-2020 06:46:39
98,In,18-10-2020 06:51:46
158,In,18-10-2020 06:52:01
106,In,18-10-2020 06:52:40
150,In,18-10-2020 06:52:45
115,In,18-10-2020 06:52:50
147,In,18-10-2020 06:52:55
59,In,18-10-2020 06:52:58
63,In,18-10-2020 06:53:02
65,In,18-10-2020 06:53:07
6,In,18-10-2020 06:54:58
9,In,18-10-2020 06:55:50
101,In,18-10-2020 06:55:55
226,In,18-10-2020 06:56:01
17,In,18-10-2020 06:56:08
155,In,18-10-2020 06:56:13
53,In,18-10-2020 06:57:51
8,In,18-10-2020 06:58:01
66,In,18-10-2020 06:58:11
230,In,18-10-2020 06:59:46
174,In,18-10-2020 06:59:51
100,In,18-10-2020 06:59:56
208,In,18-10-2020 07:00:26
196,In,18-10-2020 07:01:12
36,In,18-10-2020 07:02:00
55,In,18-10-2020 07:02:05
67,In,18-10-2020 07:02:12
244,In,18-10-2020 07:02:30
206,In,18-10-2020 07:03:09
15,In,18-10-2020 07:04:02
74,In,18-10-2020 07:04:05
99,In,18-10-2020 07:05:48
116,In,18-10-2020 07:06:04
164,In,18-10-2020 07:06:28
236,In,18-10-2020 07:07:16
237,In,18-10-2020 07:07:21
103,In,18-10-2020 07:07:29
242,In,18-10-2020 07:07:35
20,In,18-10-2020 07:07:40
57,In,18-10-2020 07:07:45
213,In,18-10-2020 07:07:52
249,In,18-10-2020 07:08:09
128,In,18-10-2020 07:08:45
133,In,18-10-2020 07:08:49
231,In,18-10-2020 07:09:07
229,In,18-10-2020 07:09:11
88,In,18-10-2020 07:09:41
215,In,18-10-2020 07:10:05
183,In,18-10-2020 07:10:13
182,In,18-10-2020 07:10:15
241,In,18-10-2020 07:10:18
210,In,18-10-2020 07:10:28
181,In,18-10-2020 07:10:31
224,In,18-10-2020 07:10:35
198,In,18-10-2020 07:11:01
130,In,18-10-2020 07:11:06
199,In,18-10-2020 07:11:09
214,In,18-10-2020 07:11:23
84,In,18-10-2020 07:11:47
205,In,18-10-2020 07:11:51
68,In,18-10-2020 07:11:59
131,In,18-10-2020 07:12:02
121,In,18-10-2020 07:12:11
82,In,18-10-2020 07:12:49
81,In,18-10-2020 07:12:55
104,In,18-10-2020 07:13:10
113,In,18-10-2020 07:13:13
126,In,18-10-2020 07:13:43
90,In,18-10-2020 07:13:49
154,In,18-10-2020 07:14:46
62,In,18-10-2020 07:14:57
76,In,18-10-2020 07:15:00
75,In,18-10-2020 07:15:02
170,In,18-10-2020 07:15:26
189,In,18-10-2020 07:15:43
139,In,18-10-2020 07:15:54
176,In,18-10-2020 07:15:58
118,In,18-10-2020 07:16:31
234,In,18-10-2020 07:17:00
233,In,18-10-2020 07:17:05
83,In,18-10-2020 07:17:08
219,In,18-10-2020 07:17:11
200,In,18-10-2020 07:17:14
252,In,18-10-2020 07:17:37
91,In,18-10-2020 07:17:44
19,In,18-10-2020 07:17:52
39,In,18-10-2020 07:17:54
39,In,18-10-2020 07:18:00
29,In,18-10-2020 07:18:12
29,In,18-10-2020 07:18:15
207,In,18-10-2020 07:18:26
110,In,18-10-2020 07:18:44
117,In,18-10-2020 07:18:46
146,In,18-10-2020 07:18:54
245,In,18-10-2020 07:18:57
175,In,18-10-2020 07:20:41
240,In,18-10-2020 07:20:58
149,In,18-10-2020 07:21:01
148,In,18-10-2020 07:21:05
160,In,18-10-2020 07:21:10
138,In,18-10-2020 07:21:47
191,In,18-10-2020 07:21:52
216,In,18-10-2020 07:22:01
167,In,18-10-2020 07:22:13
194,In,18-10-2020 07:22:48
188,In,18-10-2020 07:23:16
70,In,18-10-2020 07:23:37
153,In,18-10-2020 07:23:42
71,In,18-10-2020 07:23:44
26,In,18-10-2020 07:23:49
109,In,18-10-2020 07:24:18
80,In,18-10-2020 07:25:38
123,In,18-10-2020 07:25:47
22,In,18-10-2020 07:26:01
22,In,18-10-2020 07:26:10
190,In,18-10-2020 07:26:33
92,In,18-10-2020 07:27:04
86,In,18-10-2020 07:27:32
94,In,18-10-2020 07:28:19
119,In,18-10-2020 07:28:31
151,In,18-10-2020 07:28:35
120,In,18-10-2020 07:28:40
102,In,18-10-2020 07:28:43
195,In,18-10-2020 07:30:28
212,In,18-10-2020 07:31:03
211,In,18-10-2020 07:31:06
187,In,18-10-2020 07:31:34
228,In,18-10-2020 07:31:42
184,In,18-10-2020 07:32:31
73,In,18-10-2020 07:32:35
38,In,18-10-2020 07:32:41
52,In,18-10-2020 07:32:51
87,In,18-10-2020 07:33:03
168,In,18-10-2020 07:33:06
125,In,18-10-2020 07:33:36
185,In,18-10-2020 07:33:38
203,In,18-10-2020 07:34:03
156,In,18-10-2020 07:34:19
37,In,18-10-2020 07:34:22
37,In,18-10-2020 07:34:24
250,In,18-10-2020 07:34:34
201,In,18-10-2020 07:35:10
159,In,18-10-2020 07:35:31
137,In,18-10-2020 07:35:35
218,In,18-10-2020 07:35:38
132,In,18-10-2020 07:35:41
163,In,18-10-2020 07:35:44
24,In,18-10-2020 07:36:00
23,In,18-10-2020 07:36:28
204,In,18-10-2020 07:36:49
232,In,18-10-2020 07:36:53
248,In,18-10-2020 07:37:50
171,In,18-10-2020 07:42:37
251,In,18-10-2020 07:42:43
25,In,18-10-2020 07:43:37
165,In,18-10-2020 07:45:43
223,In,18-10-2020 07:46:09
225,In,18-10-2020 07:46:21
114,In,18-10-2020 07:46:25
85,In,18-10-2020 07:52:15
243,In,18-10-2020 07:55:47
243,In,18-10-2020 07:55:48
239,In,18-10-2020 07:57:46
35,In,18-10-2020 07:58:59
227,In,18-10-2020 08:01:49
209,In,18-10-2020 08:03:21
221,In,18-10-2020 08:04:54
79,In,18-10-2020 08:06:00
193,In,18-10-2020 08:06:25
178,In,18-10-2020 08:06:49
13,In,18-10-2020 08:07:33
202,In,18-10-2020 08:07:40
179,In,18-10-2020 08:10:23
247,In,18-10-2020 08:10:32
5,In,18-10-2020 08:14:13
169,In,18-10-2020 08:14:52
235,In,18-10-2020 08:18:57
238,In,18-10-2020 08:19:02
220,In,18-10-2020 08:19:06
197,In,18-10-2020 08:21:26
11,In,18-10-2020 08:21:33
9,In,18-10-2020 08:49:57
61,In,18-10-2020 09:13:08
173,In,18-10-2020 10:38:45
9,Out,18-10-2020 11:03:28
253,Out,18-10-2020 11:39:14
181,Out,18-10-2020 13:00:22
19,Out,18-10-2020 13:00:28
55,Out,18-10-2020 13:00:36
209,Out,18-10-2020 13:01:10
182,Out,18-10-2020 13:01:27
183,Out,18-10-2020 13:01:30
182,Out,18-10-2020 13:01:51
183,Out,18-10-2020 13:01:54
210,Out,18-10-2020 13:01:57
209,Out,18-10-2020 13:02:13
153,Out,18-10-2020 13:02:44
70,Out,18-10-2020 13:02:48
53,Out,18-10-2020 13:09:31
73,Out,18-10-2020 13:09:38
67,Out,18-10-2020 13:09:45
205,Out,18-10-2020 14:59:05
176,Out,18-10-2020 14:59:22
211,Out,18-10-2020 14:59:46
118,Out,18-10-2020 15:00:03
200,Out,18-10-2020 15:00:06
197,Out,18-10-2020 15:00:08
201,Out,18-10-2020 15:00:18
160,Out,18-10-2020 15:00:27
178,Out,18-10-2020 15:00:30
163,Out,18-10-2020 15:00:32
132,Out,18-10-2020 15:00:34
179,Out,18-10-2020 15:00:36
203,Out,18-10-2020 15:00:38
227,Out,18-10-2020 15:00:41
196,Out,18-10-2020 15:00:42
185,Out,18-10-2020 15:00:45
94,Out,18-10-2020 15:00:48
119,Out,18-10-2020 15:00:50
151,Out,18-10-2020 15:00:52
212,Out,18-10-2020 15:00:56
188,Out,18-10-2020 15:00:57
120,Out,18-10-2020 15:00:59
120,Out,18-10-2020 15:01:01
91,Out,18-10-2020 15:01:06
124,Out,18-10-2020 15:01:12
195,Out,18-10-2020 15:01:13
245,Out,18-10-2020 15:01:16
167,Out,18-10-2020 15:01:18
248,Out,18-10-2020 15:01:21
126,Out,18-10-2020 15:01:26
128,Out,18-10-2020 15:01:29
125,Out,18-10-2020 15:01:32
83,Out,18-10-2020 15:01:34
71,Out,18-10-2020 15:01:35
133,Out,18-10-2020 15:01:37
148,Out,18-10-2020 15:01:40
218,Out,18-10-2020 15:01:43
193,Out,18-10-2020 15:01:45
52,Out,18-10-2020 15:01:47
121,Out,18-10-2020 15:01:49
223,Out,18-10-2020 15:01:52
113,Out,18-10-2020 15:01:55
133,Out,18-10-2020 15:01:57
244,Out,18-10-2020 15:02:04
136,Out,18-10-2020 15:02:06
115,Out,18-10-2020 15:02:09
110,Out,18-10-2020 15:02:11
150,Out,18-10-2020 15:02:14
216,Out,18-10-2020 15:02:16
117,Out,18-10-2020 15:02:19
135,Out,18-10-2020 15:02:21
116,Out,18-10-2020 15:02:25
114,Out,18-10-2020 15:02:29
198,Out,18-10-2020 15:02:31
213,Out,18-10-2020 15:02:37
84,Out,18-10-2020 15:02:39
202,Out,18-10-2020 15:02:42
168,Out,18-10-2020 15:02:46
86,Out,18-10-2020 15:02:49
123,Out,18-10-2020 15:02:53
131,Out,18-10-2020 15:02:55
68,Out,18-10-2020 15:02:58
208,Out,18-10-2020 15:03:01
247,Out,18-10-2020 15:03:04
175,Out,18-10-2020 15:03:08
24,Out,18-10-2020 15:03:11
243,Out,18-10-2020 15:03:14
165,Out,18-10-2020 15:03:17
104,Out,18-10-2020 15:03:19
187,Out,18-10-2020 15:03:23
228,Out,18-10-2020 15:03:26
87,Out,18-10-2020 15:03:29
130,Out,18-10-2020 15:03:33
214,Out,18-10-2020 15:03:38
231,Out,18-10-2020 15:03:40
207,Out,18-10-2020 15:03:43
229,Out,18-10-2020 15:03:58
103,Out,18-10-2020 15:04:01
242,Out,18-10-2020 15:04:08
164,Out,18-10-2020 15:04:15
99,Out,18-10-2020 15:04:20
137,Out,18-10-2020 15:04:23
102,Out,18-10-2020 15:04:27
5,Out,18-10-2020 15:04:30
57,Out,18-10-2020 15:04:54
249,Out,18-10-2020 15:04:58
85,Out,18-10-2020 15:05:02
65,Out,18-10-2020 15:05:09
63,Out,18-10-2020 15:05:12
26,Out,18-10-2020 15:05:37
25,Out,18-10-2020 15:05:41
240,Out,18-10-2020 15:06:08
5,Out,18-10-2020 15:06:18
170,Out,18-10-2020 15:06:37
36,Out,18-10-2020 15:07:13
101,Out,18-10-2020 15:07:39
230,Out,18-10-2020 15:07:59
253,Out,18-10-2020 15:08:05
174,Out,18-10-2020 15:08:12
81,Out,18-10-2020 15:08:17
109,Out,18-10-2020 15:08:19
82,Out,18-10-2020 15:08:21
66,Out,18-10-2020 15:08:26
80,Out,18-10-2020 15:08:29
219,Out,18-10-2020 15:08:32
190,Out,18-10-2020 15:08:42
194,Out,18-10-2020 15:08:47
250,Out,18-10-2020 15:09:37
225,Out,18-10-2020 15:11:00
239,Out,18-10-2020 15:11:06
233,Out,18-10-2020 15:11:35
149,Out,18-10-2020 15:12:14
62,Out,18-10-2020 15:12:44
154,Out,18-10-2020 15:12:45
98,Out,18-10-2020 15:12:59
156,Out,18-10-2020 15:13:24
37,Out,18-10-2020 15:13:27
59,Out,18-10-2020 15:13:45
147,Out,18-10-2020 15:13:48
234,Out,18-10-2020 15:14:48
241,Out,18-10-2020 15:14:55
199,Out,18-10-2020 15:15:43
77,Out,18-10-2020 15:16:10
92,Out,18-10-2020 15:17:18
146,Out,18-10-2020 15:17:32
90,Out,18-10-2020 15:17:43
35,Out,18-10-2020 15:18:36
35,Out,18-10-2020 15:18:38
169,Out,18-10-2020 15:18:43
215,Out,18-10-2020 15:18:47
171,Out,18-10-2020 15:19:40
54,Out,18-10-2020 15:20:32
161,Out,18-10-2020 15:20:43
177,Out,18-10-2020 15:21:04
177,Out,18-10-2020 15:21:06
251,Out,18-10-2020 15:21:10
221,Out,18-10-2020 15:21:19
224,Out,18-10-2020 15:21:24
173,Out,18-10-2020 15:21:36
9,Out,18-10-2020 15:21:47
75,Out,18-10-2020 15:22:26
184,Out,18-10-2020 15:22:41
38,Out,18-10-2020 15:22:43
15,Out,18-10-2020 15:22:46
191,Out,18-10-2020 15:22:49
138,Out,18-10-2020 15:22:51
236,Out,18-10-2020 15:23:19
237,Out,18-10-2020 15:23:25
29,Out,18-10-2020 15:23:41
76,Out,18-10-2020 15:23:43
226,Out,18-10-2020 15:23:49
17,Out,18-10-2020 15:23:53
17,Out,18-10-2020 15:23:56
22,Out,18-10-2020 15:24:17
159,Out,18-10-2020 15:24:28
79,Out,18-10-2020 15:25:33
88,Out,18-10-2020 15:25:41
189,Out,18-10-2020 15:25:44
61,Out,18-10-2020 15:28:17
6,Out,18-10-2020 15:29:40
49,Out,18-10-2020 15:31:45
155,Out,18-10-2020 15:32:45
139,Out,18-10-2020 15:33:14
158,Out,18-10-2020 15:33:21
232,Out,18-10-2020 15:33:25
235,Out,18-10-2020 15:33:30
220,Out,18-10-2020 15:33:47
238,Out,18-10-2020 15:33:56
252,Out,18-10-2020 15:39:32
13,Out,18-10-2020 15:43:31
141,Out,18-10-2020 15:46:07
222,Out,18-10-2020 15:46:11
222,Out,18-10-2020 15:46:17
47,Out,18-10-2020 15:46:22
11,Out,18-10-2020 15:47:52
20,Out,18-10-2020 15:59:45
23,Out,18-10-2020 16:00:39
204,Out,18-10-2020 16:07:28
166,Out,18-10-2020 16:41:48
106,Out,18-10-2020 16:42:03
206,Out,18-10-2020 16:55:34
158,In,19-10-2020 06:14:53
158,In,19-10-2020 06:15:05
155,In,19-10-2020 06:33:42
136,In,19-10-2020 06:33:59
135,In,19-10-2020 06:34:16
222,In,19-10-2020 06:35:27
47,In,19-10-2020 06:36:22
47,In,19-10-2020 06:36:52
141,In,19-10-2020 06:36:58
222,In,19-10-2020 06:37:02
141,In,19-10-2020 06:37:11
77,In,19-10-2020 06:37:58
139,In,19-10-2020 06:38:04
54,In,19-10-2020 06:41:12
226,In,19-10-2020 06:44:49
17,In,19-10-2020 06:44:57
98,In,19-10-2020 06:45:10
124,In,19-10-2020 06:45:16
75,In,19-10-2020 06:46:08
161,In,19-10-2020 06:47:30
153,In,19-10-2020 06:49:26
70,In,19-10-2020 06:50:56
153,In,19-10-2020 06:51:22
70,In,19-10-2020 06:51:24
150,In,19-10-2020 06:52:18
115,In,19-10-2020 06:52:23
53,In,19-10-2020 06:53:30
73,In,19-10-2020 06:53:53
57,In,19-10-2020 06:54:56
147,In,19-10-2020 06:55:56
59,In,19-10-2020 06:56:01
20,In,19-10-2020 06:56:06
36,In,19-10-2020 06:56:43
67,In,19-10-2020 06:56:47
76,In,19-10-2020 06:56:53
173,In,19-10-2020 06:57:25
65,In,19-10-2020 06:57:32
63,In,19-10-2020 06:57:35
251,In,19-10-2020 06:57:40
196,In,19-10-2020 06:59:43
210,In,19-10-2020 07:01:26
106,In,19-10-2020 07:01:58
208,In,19-10-2020 07:02:19
242,In,19-10-2020 07:02:29
103,In,19-10-2020 07:02:33
99,In,19-10-2020 07:02:36
225,In,19-10-2020 07:02:42
178,In,19-10-2020 07:03:28
177,In,19-10-2020 07:05:00
177,In,19-10-2020 07:05:02
188,In,19-10-2020 07:05:08
206,In,19-10-2020 07:05:31
244,In,19-10-2020 07:06:18
66,In,19-10-2020 07:06:32
34,In,19-10-2020 07:06:53
29,In,19-10-2020 07:06:58
29,In,19-10-2020 07:07:00
121,In,19-10-2020 07:07:03
253,In,19-10-2020 07:07:10
174,In,19-10-2020 07:07:16
156,In,19-10-2020 07:07:22
62,In,19-10-2020 07:07:24
154,In,19-10-2020 07:07:26
221,In,19-10-2020 07:08:15
101,In,19-10-2020 07:08:21
88,In,19-10-2020 07:08:24
8,In,19-10-2020 07:08:54
118,In,19-10-2020 07:09:00
37,In,19-10-2020 07:09:03
37,In,19-10-2020 07:09:05
250,In,19-10-2020 07:09:11
231,In,19-10-2020 07:10:16
229,In,19-10-2020 07:10:20
68,In,19-10-2020 07:10:49
130,In,19-10-2020 07:12:09
131,In,19-10-2020 07:12:59
133,In,19-10-2020 07:13:05
128,In,19-10-2020 07:13:11
215,In,19-10-2020 07:13:16
189,In,19-10-2020 07:13:36
245,In,19-10-2020 07:13:40
91,In,19-10-2020 07:13:45
230,In,19-10-2020 07:13:49
205,In,19-10-2020 07:13:59
104,In,19-10-2020 07:14:40
113,In,19-10-2020 07:14:42
219,In,19-10-2020 07:14:47
201,In,19-10-2020 07:15:01
183,In,19-10-2020 07:15:16
182,In,19-10-2020 07:15:23
146,In,19-10-2020 07:16:05
252,In,19-10-2020 07:16:48
170,In,19-10-2020 07:16:54
15,In,19-10-2020 07:17:02
81,In,19-10-2020 07:17:16
82,In,19-10-2020 07:17:20
247,In,19-10-2020 07:17:38
237,In,19-10-2020 07:17:56
236,In,19-10-2020 07:18:01
176,In,19-10-2020 07:18:07
126,In,19-10-2020 07:18:20
207,In,19-10-2020 07:19:01
200,In,19-10-2020 07:19:08
71,In,19-10-2020 07:19:10
84,In,19-10-2020 07:19:30
110,In,19-10-2020 07:20:07
117,In,19-10-2020 07:20:09
224,In,19-10-2020 07:20:13
233,In,19-10-2020 07:20:18
234,In,19-10-2020 07:20:22
168,In,19-10-2020 07:20:28
216,In,19-10-2020 07:20:35
24,In,19-10-2020 07:20:40
249,In,19-10-2020 07:20:48
243,In,19-10-2020 07:20:52
167,In,19-10-2020 07:20:57
116,In,19-10-2020 07:21:02
114,In,19-10-2020 07:21:06
26,In,19-10-2020 07:21:50
160,In,19-10-2020 07:22:40
238,In,19-10-2020 07:22:47
235,In,19-10-2020 07:22:52
123,In,19-10-2020 07:22:55
220,In,19-10-2020 07:22:58
213,In,19-10-2020 07:23:31
192,In,19-10-2020 07:23:49
164,In,19-10-2020 07:24:05
166,In,19-10-2020 07:24:11
111,In,19-10-2020 07:24:29
181,In,19-10-2020 07:24:37
55,In,19-10-2020 07:25:07
19,In,19-10-2020 07:25:10
197,In,19-10-2020 07:25:28
199,In,19-10-2020 07:26:04
119,In,19-10-2020 07:26:07
120,In,19-10-2020 07:26:12
102,In,19-10-2020 07:26:18
165,In,19-10-2020 07:26:20
184,In,19-10-2020 07:26:25
39,In,19-10-2020 07:26:27
38,In,19-10-2020 07:26:31
163,In,19-10-2020 07:26:34
132,In,19-10-2020 07:26:36
212,In,19-10-2020 07:26:38
211,In,19-10-2020 07:26:40
94,In,19-10-2020 07:27:19
151,In,19-10-2020 07:27:25
179,In,19-10-2020 07:27:39
240,In,19-10-2020 07:28:21
175,In,19-10-2020 07:28:35
138,In,19-10-2020 07:29:02
191,In,19-10-2020 07:29:06
171,In,19-10-2020 07:29:09
241,In,19-10-2020 07:29:15
203,In,19-10-2020 07:29:20
6,In,19-10-2020 07:29:35
83,In,19-10-2020 07:29:39
185,In,19-10-2020 07:29:54
218,In,19-10-2020 07:30:17
248,In,19-10-2020 07:31:00
190,In,19-10-2020 07:31:13
92,In,19-10-2020 07:32:13
22,In,19-10-2020 07:32:21
193,In,19-10-2020 07:32:50
109,In,19-10-2020 07:34:17
52,In,19-10-2020 07:34:33
87,In,19-10-2020 07:35:23
85,In,19-10-2020 07:35:26
194,In,19-10-2020 07:35:45
86,In,19-10-2020 07:36:12
9,In,19-10-2020 07:37:38
159,In,19-10-2020 07:38:08
195,In,19-10-2020 07:40:49
149,In,19-10-2020 07:41:34
148,In,19-10-2020 07:41:40
223,In,19-10-2020 07:42:57
41,In,19-10-2020 07:43:05
228,In,19-10-2020 07:43:27
187,In,19-10-2020 07:43:30
5,In,19-10-2020 07:45:28
25,In,19-10-2020 07:46:05
2,In,19-10-2020 07:46:08
79,In,19-10-2020 07:47:39
23,In,19-10-2020 07:50:01
204,In,19-10-2020 07:52:14
61,In,19-10-2020 07:54:01
125,In,19-10-2020 07:55:17
202,In,19-10-2020 07:55:37
13,In,19-10-2020 07:56:47
137,In,19-10-2020 07:58:36
209,In,19-10-2020 07:58:57
232,In,19-10-2020 07:59:30
227,In,19-10-2020 07:59:35
227,In,19-10-2020 08:09:28
35,In,19-10-2020 08:18:16
80,In,19-10-2020 08:18:32
11,In,19-10-2020 08:32:10
245,In,19-10-2020 08:48:03
254,In,19-10-2020 10:35:03
256,In,19-10-2020 10:49:57
255,Out,19-10-2020 10:50:23
257,Out,19-10-2020 11:46:24
258,Out,19-10-2020 12:47:55
259,Out,19-10-2020 12:50:44
39,Out,19-10-2020 12:56:04
181,Out,19-10-2020 12:58:18
183,Out,19-10-2020 13:00:20
182,Out,19-10-2020 13:00:22
82,Out,19-10-2020 13:02:26
127,Out,19-10-2020 13:04:00
153,Out,19-10-2020 13:10:06
70,Out,19-10-2020 13:10:09
8,Out,19-10-2020 13:10:48
19,Out,19-10-2020 13:10:57
74,Out,19-10-2020 13:11:39
73,Out,19-10-2020 13:11:42
79,Out,19-10-2020 14:26:17
211,Out,19-10-2020 14:59:30
205,Out,19-10-2020 14:59:59
229,Out,19-10-2020 15:00:04
216,Out,19-10-2020 15:00:07
231,Out,19-10-2020 15:00:12
118,Out,19-10-2020 15:00:16
208,Out,19-10-2020 15:00:20
135,Out,19-10-2020 15:00:22
136,Out,19-10-2020 15:00:24
130,Out,19-10-2020 15:00:26
131,Out,19-10-2020 15:00:28
207,Out,19-10-2020 15:00:33
202,Out,19-10-2020 15:00:39
126,Out,19-10-2020 15:00:42
218,Out,19-10-2020 15:00:45
176,Out,19-10-2020 15:00:58
124,Out,19-10-2020 15:01:04
243,Out,19-10-2020 15:01:07
200,Out,19-10-2020 15:01:10
193,Out,19-10-2020 15:01:13
113,Out,19-10-2020 15:01:16
201,Out,19-10-2020 15:01:18
128,Out,19-10-2020 15:01:20
203,Out,19-10-2020 15:01:23
150,Out,19-10-2020 15:01:27
84,Out,19-10-2020 15:01:30
185,Out,19-10-2020 15:01:32
125,Out,19-10-2020 15:01:34
212,Out,19-10-2020 15:01:35
244,Out,19-10-2020 15:01:38
133,Out,19-10-2020 15:01:40
52,Out,19-10-2020 15:01:49
117,Out,19-10-2020 15:01:51
242,Out,19-10-2020 15:01:54
245,Out,19-10-2020 15:01:56
227,Out,19-10-2020 15:01:58
110,Out,19-10-2020 15:02:01
137,Out,19-10-2020 15:02:03
179,Out,19-10-2020 15:02:06
197,Out,19-10-2020 15:02:08
116,Out,19-10-2020 15:02:14
86,Out,19-10-2020 15:02:17
196,Out,19-10-2020 15:02:19
167,Out,19-10-2020 15:02:22
119,Out,19-10-2020 15:02:24
83,Out,19-10-2020 15:02:27
211,Out,19-10-2020 15:02:29
104,Out,19-10-2020 15:02:32
163,Out,19-10-2020 15:02:34
114,Out,19-10-2020 15:02:37
87,Out,19-10-2020 15:02:39
132,Out,19-10-2020 15:02:41
123,Out,19-10-2020 15:02:43
54,Out,19-10-2020 15:02:45
120,Out,19-10-2020 15:02:48
232,Out,19-10-2020 15:02:50
111,Out,19-10-2020 15:02:52
121,Out,19-10-2020 15:02:55
156,Out,19-10-2020 15:02:57
220,Out,19-10-2020 15:02:58
235,Out,19-10-2020 15:03:00
235,Out,19-10-2020 15:03:02
257,Out,19-10-2020 15:03:03
168,Out,19-10-2020 15:03:05
223,Out,19-10-2020 15:03:08
248,Out,19-10-2020 15:03:20
238,Out,19-10-2020 15:03:26
160,Out,19-10-2020 15:03:32
115,Out,19-10-2020 15:03:35
224,Out,19-10-2020 15:03:40
187,Out,19-10-2020 15:03:44
228,Out,19-10-2020 15:03:48
233,Out,19-10-2020 15:03:51
85,Out,19-10-2020 15:03:53
241,Out,19-10-2020 15:03:56
234,Out,19-10-2020 15:04:02
91,Out,19-10-2020 15:04:06
37,Out,19-10-2020 15:04:10
37,Out,19-10-2020 15:04:12
71,Out,19-10-2020 15:04:14
188,Out,19-10-2020 15:04:20
57,Out,19-10-2020 15:04:23
250,Out,19-10-2020 15:04:38
71,Out,19-10-2020 15:04:40
178,Out,19-10-2020 15:04:46
109,Out,19-10-2020 15:04:52
195,Out,19-10-2020 15:04:56
254,Out,19-10-2020 15:05:00
199,Out,19-10-2020 15:05:05
255,Out,19-10-2020 15:05:08
65,Out,19-10-2020 15:05:11
249,Out,19-10-2020 15:05:28
175,Out,19-10-2020 15:05:35
247,Out,19-10-2020 15:05:41
26,Out,19-10-2020 15:06:16
170,Out,19-10-2020 15:06:27
213,Out,19-10-2020 15:07:22
225,Out,19-10-2020 15:07:44
209,Out,19-10-2020 15:07:47
35,Out,19-10-2020 15:07:54
94,Out,19-10-2020 15:08:54
151,Out,19-10-2020 15:08:59
192,Out,19-10-2020 15:09:41
189,Out,19-10-2020 15:09:44
88,Out,19-10-2020 15:09:46
194,Out,19-10-2020 15:10:03
164,Out,19-10-2020 15:10:07
102,Out,19-10-2020 15:10:11
99,Out,19-10-2020 15:10:16
103,Out,19-10-2020 15:10:18
101,Out,19-10-2020 15:10:24
230,Out,19-10-2020 15:10:33
165,Out,19-10-2020 15:10:38
5,Out,19-10-2020 15:10:44
174,Out,19-10-2020 15:10:48
63,Out,19-10-2020 15:11:05
68,Out,19-10-2020 15:11:10
148,Out,19-10-2020 15:11:16
147,Out,19-10-2020 15:11:20
253,Out,19-10-2020 15:11:42
240,Out,19-10-2020 15:12:17
256,Out,19-10-2020 15:12:31
36,Out,19-10-2020 15:15:40
98,Out,19-10-2020 15:15:44
215,Out,19-10-2020 15:15:46
215,Out,19-10-2020 15:15:48
92,Out,19-10-2020 15:16:33
146,Out,19-10-2020 15:16:39
66,Out,19-10-2020 15:16:52
67,Out,19-10-2020 15:16:57
219,Out,19-10-2020 15:17:06
80,Out,19-10-2020 15:17:10
81,Out,19-10-2020 15:17:14
77,Out,19-10-2020 15:18:14
77,Out,19-10-2020 15:18:18
62,Out,19-10-2020 15:18:21
154,Out,19-10-2020 15:18:24
158,Out,19-10-2020 15:19:08
237,Out,19-10-2020 15:20:03
236,Out,19-10-2020 15:20:09
59,Out,19-10-2020 15:24:38
20,Out,19-10-2020 15:24:41
9,Out,19-10-2020 15:24:58
25,Out,19-10-2020 15:25:01
24,Out,19-10-2020 15:25:08
26,Out,19-10-2020 15:25:11
2,Out,19-10-2020 15:25:13
61,Out,19-10-2020 15:26:42
106,Out,19-10-2020 15:27:31
6,Out,19-10-2020 15:29:40
141,Out,19-10-2020 15:36:23
15,Out,19-10-2020 15:37:27
53,Out,19-10-2020 15:37:30
38,Out,19-10-2020 15:38:13
184,Out,19-10-2020 15:39:13
75,Out,19-10-2020 15:39:37
76,Out,19-10-2020 15:40:00
13,Out,19-10-2020 15:40:03
4,Out,19-10-2020 15:41:22
22,Out,19-10-2020 15:42:08
171,Out,19-10-2020 15:50:31
226,Out,19-10-2020 15:56:48
23,Out,19-10-2020 15:57:09
259,Out,19-10-2020 15:57:57
258,Out,19-10-2020 15:58:03
226,Out,19-10-2020 15:59:30
226,Out,19-10-2020 15:59:36
226,Out,19-10-2020 16:00:04
161,Out,19-10-2020 16:00:11
41,Out,19-10-2020 16:00:17
79,Out,19-10-2020 16:00:23
139,Out,19-10-2020 16:00:25
226,Out,19-10-2020 16:00:39
158,Out,19-10-2020 16:00:49
29,Out,19-10-2020 16:00:55
34,Out,19-10-2020 16:01:03
252,Out,19-10-2020 16:01:06
177,Out,19-10-2020 16:01:37
251,Out,19-10-2020 16:01:41
159,Out,19-10-2020 16:01:45
17,Out,19-10-2020 16:01:51
17,Out,19-10-2020 16:01:55
252,Out,19-10-2020 16:02:24
173,Out,19-10-2020 16:02:29
155,Out,19-10-2020 16:02:36
226,Out,19-10-2020 16:02:39
141,Out,19-10-2020 16:02:44
226,Out,19-10-2020 16:02:47
222,Out,19-10-2020 16:02:50
226,Out,19-10-2020 16:02:53
222,Out,19-10-2020 16:02:55
222,Out,19-10-2020 16:03:00
226,Out,19-10-2020 16:03:02
138,Out,19-10-2020 16:08:21
166,Out,19-10-2020 16:19:38
11,Out,19-10-2020 16:22:48
206,Out,19-10-2020 17:13:20
204,Out,19-10-2020 18:24:44
191,Out,19-10-2020 18:24:48
221,Out,19-10-2020 18:24:52
206,In,20-10-2020 06:16:55
136,In,20-10-2020 06:37:23
135,In,20-10-2020 06:37:27
210,In,20-10-2020 06:40:20
53,In,20-10-2020 06:40:23
124,In,20-10-2020 06:43:16
54,In,20-10-2020 06:47:31
36,In,20-10-2020 06:49:57
55,In,20-10-2020 06:50:01
147,In,20-10-2020 06:52:21
77,In,20-10-2020 06:52:25
183,In,20-10-2020 06:52:41
181,In,20-10-2020 06:52:45
182,In,20-10-2020 06:53:12
76,In,20-10-2020 06:53:16
181,In,20-10-2020 06:53:22
183,In,20-10-2020 06:53:24
36,In,20-10-2020 06:53:27
75,In,20-10-2020 06:53:30
147,In,20-10-2020 06:53:39
54,In,20-10-2020 06:53:48
210,In,20-10-2020 06:53:51
53,In,20-10-2020 06:54:00
124,In,20-10-2020 06:54:44
55,In,20-10-2020 06:54:52
57,In,20-10-2020 06:55:45
252,In,20-10-2020 06:55:54
161,In,20-10-2020 06:56:47
177,In,20-10-2020 06:57:01
226,In,20-10-2020 06:57:07
29,In,20-10-2020 06:57:12
41,In,20-10-2020 06:57:18
34,In,20-10-2020 06:57:38
17,In,20-10-2020 06:57:45
17,In,20-10-2020 06:57:46
150,In,20-10-2020 06:57:52
115,In,20-10-2020 06:57:58
98,In,20-10-2020 06:58:04
251,In,20-10-2020 06:59:02
158,In,20-10-2020 06:59:08
106,In,20-10-2020 06:59:33
22,In,20-10-2020 07:00:31
155,In,20-10-2020 07:00:34
166,In,20-10-2020 07:00:40
63,In,20-10-2020 07:00:45
208,In,20-10-2020 07:00:51
74,In,20-10-2020 07:01:07
15,In,20-10-2020 07:01:10
116,In,20-10-2020 07:01:14
28,In,20-10-2020 07:01:28
153,In,20-10-2020 07:01:32
19,In,20-10-2020 07:01:34
70,In,20-10-2020 07:01:39
8,In,20-10-2020 07:01:42
65,In,20-10-2020 07:03:04
215,In,20-10-2020 07:03:13
215,In,20-10-2020 07:03:15
139,In,20-10-2020 07:03:20
139,In,20-10-2020 07:03:23
114,In,20-10-2020 07:03:56
117,In,20-10-2020 07:04:00
121,In,20-10-2020 07:04:53
80,In,20-10-2020 07:07:08
125,In,20-10-2020 07:08:08
133,In,20-10-2020 07:08:13
128,In,20-10-2020 07:08:20
197,In,20-10-2020 07:08:44
196,In,20-10-2020 07:08:48
196,In,20-10-2020 07:08:57
61,In,20-10-2020 07:09:28
205,In,20-10-2020 07:09:41
187,In,20-10-2020 07:09:48
178,In,20-10-2020 07:09:54
110,In,20-10-2020 07:09:58
213,In,20-10-2020 07:10:04
241,In,20-10-2020 07:10:31
156,In,20-10-2020 07:10:46
216,In,20-10-2020 07:10:54
146,In,20-10-2020 07:10:59
37,In,20-10-2020 07:11:02
250,In,20-10-2020 07:11:07
62,In,20-10-2020 07:11:39
253,In,20-10-2020 07:12:27
198,In,20-10-2020 07:12:31
207,In,20-10-2020 07:12:40
130,In,20-10-2020 07:12:43
214,In,20-10-2020 07:12:47
113,In,20-10-2020 07:13:05
104,In,20-10-2020 07:13:14
131,In,20-10-2020 07:13:20
221,In,20-10-2020 07:13:26
101,In,20-10-2020 07:13:32
99,In,20-10-2020 07:14:08
231,In,20-10-2020 07:14:15
229,In,20-10-2020 07:14:18
68,In,20-10-2020 07:14:47
91,In,20-10-2020 07:14:55
59,In,20-10-2020 07:15:07
20,In,20-10-2020 07:15:09
23,In,20-10-2020 07:15:41
224,In,20-10-2020 07:15:55
170,In,20-10-2020 07:16:34
174,In,20-10-2020 07:18:32
230,In,20-10-2020 07:18:40
103,In,20-10-2020 07:19:29
242,In,20-10-2020 07:19:32
118,In,20-10-2020 07:19:50
126,In,20-10-2020 07:20:10
257,In,20-10-2020 07:20:36
255,In,20-10-2020 07:21:20
82,In,20-10-2020 07:22:01
167,In,20-10-2020 07:22:07
81,In,20-10-2020 07:22:12
168,In,20-10-2020 07:22:17
86,In,20-10-2020 07:22:19
244,In,20-10-2020 07:22:24
24,In,20-10-2020 07:22:40
164,In,20-10-2020 07:23:08
6,In,20-10-2020 07:23:46
188,In,20-10-2020 07:23:52
137,In,20-10-2020 07:23:56
52,In,20-10-2020 07:24:10
9,In,20-10-2020 07:24:20
176,In,20-10-2020 07:24:58
199,In,20-10-2020 07:25:13
234,In,20-10-2020 07:25:41
233,In,20-10-2020 07:25:44
92,In,20-10-2020 07:25:50
200,In,20-10-2020 07:25:56
192,In,20-10-2020 07:25:57
163,In,20-10-2020 07:25:59
132,In,20-10-2020 07:26:01
243,In,20-10-2020 07:26:04
184,In,20-10-2020 07:26:07
38,In,20-10-2020 07:26:10
160,In,20-10-2020 07:26:17
102,In,20-10-2020 07:26:24
85,In,20-10-2020 07:26:27
120,In,20-10-2020 07:26:32
119,In,20-10-2020 07:26:46
94,In,20-10-2020 07:26:49
247,In,20-10-2020 07:26:54
151,In,20-10-2020 07:27:00
191,In,20-10-2020 07:27:03
138,In,20-10-2020 07:27:04
236,In,20-10-2020 07:27:12
111,In,20-10-2020 07:27:15
165,In,20-10-2020 07:27:19
237,In,20-10-2020 07:27:25
39,In,20-10-2020 07:27:29
39,In,20-10-2020 07:27:31
84,In,20-10-2020 07:27:34
225,In,20-10-2020 07:27:40
87,In,20-10-2020 07:27:48
159,In,20-10-2020 07:30:35
179,In,20-10-2020 07:30:44
211,In,20-10-2020 07:30:50
202,In,20-10-2020 07:30:54
203,In,20-10-2020 07:31:02
83,In,20-10-2020 07:31:26
212,In,20-10-2020 07:31:32
256,In,20-10-2020 07:32:26
248,In,20-10-2020 07:33:13
218,In,20-10-2020 07:33:16
148,In,20-10-2020 07:33:20
149,In,20-10-2020 07:33:22
175,In,20-10-2020 07:33:39
238,In,20-10-2020 07:34:17
235,In,20-10-2020 07:34:21
220,In,20-10-2020 07:34:26
171,In,20-10-2020 07:34:33
219,In,20-10-2020 07:34:51
190,In,20-10-2020 07:35:25
185,In,20-10-2020 07:35:42
195,In,20-10-2020 07:36:03
79,In,20-10-2020 07:36:22
254,In,20-10-2020 07:38:20
109,In,20-10-2020 07:38:27
26,In,20-10-2020 07:38:36
258,In,20-10-2020 07:39:13
259,In,20-10-2020 07:39:26
193,In,20-10-2020 07:41:15
232,In,20-10-2020 07:41:56
169,In,20-10-2020 07:43:08
123,In,20-10-2020 07:43:51
5,In,20-10-2020 07:45:21
204,In,20-10-2020 07:45:59
67,In,20-10-2020 07:46:26
223,In,20-10-2020 07:46:35
35,In,20-10-2020 07:48:45
228,In,20-10-2020 07:52:28
227,In,20-10-2020 07:58:01
25,In,20-10-2020 07:58:11
2,In,20-10-2020 07:58:15
209,In,20-10-2020 08:03:43
13,In,20-10-2020 08:06:05
71,In,20-10-2020 08:23:34
66,In,20-10-2020 08:27:31
11,In,20-10-2020 09:10:34
194,In,20-10-2020 09:26:05
73,In,20-10-2020 10:31:58
154,Out,20-10-2020 11:22:10
260,Out,20-10-2020 11:50:35
261,Out,20-10-2020 11:53:04
261,Out,20-10-2020 11:53:30
81,Out,20-10-2020 12:09:18
81,Out,20-10-2020 12:09:26
39,Out,20-10-2020 12:38:28
39,Out,20-10-2020 12:38:30
181,Out,20-10-2020 12:38:50
8,Out,20-10-2020 12:38:51
210,Out,20-10-2020 12:39:12
55,Out,20-10-2020 12:44:26
182,Out,20-10-2020 12:47:03
53,Out,20-10-2020 12:54:45
73,Out,20-10-2020 12:55:41
185,Out,20-10-2020 12:55:58
183,Out,20-10-2020 12:58:34
74,Out,20-10-2020 13:09:18
19,Out,20-10-2020 13:09:43
91,Out,20-10-2020 14:53:24
52,Out,20-10-2020 15:00:01
118,Out,20-10-2020 15:00:09
160,Out,20-10-2020 15:00:13
227,Out,20-10-2020 15:00:16
163,Out,20-10-2020 15:00:19
209,Out,20-10-2020 15:00:26
132,Out,20-10-2020 15:00:29
218,Out,20-10-2020 15:00:32
197,Out,20-10-2020 15:00:34
126,Out,20-10-2020 15:00:37
225,Out,20-10-2020 15:00:43
128,Out,20-10-2020 15:00:47
216,Out,20-10-2020 15:00:53
200,Out,20-10-2020 15:00:56
244,Out,20-10-2020 15:00:57
133,Out,20-10-2020 15:00:59
211,Out,20-10-2020 15:01:01
196,Out,20-10-2020 15:01:03
214,Out,20-10-2020 15:01:06
125,Out,20-10-2020 15:01:09
167,Out,20-10-2020 15:01:11
86,Out,20-10-2020 15:01:15
203,Out,20-10-2020 15:01:19
212,Out,20-10-2020 15:01:21
202,Out,20-10-2020 15:01:24
198,Out,20-10-2020 15:01:25
178,Out,20-10-2020 15:01:37
130,Out,20-10-2020 15:01:40
84,Out,20-10-2020 15:01:42
178,Out,20-10-2020 15:01:46
207,Out,20-10-2020 15:02:05
131,Out,20-10-2020 15:02:13
193,Out,20-10-2020 15:02:16
248,Out,20-10-2020 15:02:20
113,Out,20-10-2020 15:02:23
111,Out,20-10-2020 15:02:28
247,Out,20-10-2020 15:02:37
116,Out,20-10-2020 15:02:42
110,Out,20-10-2020 15:02:45
114,Out,20-10-2020 15:02:49
117,Out,20-10-2020 15:02:51
67,Out,20-10-2020 15:02:56
87,Out,20-10-2020 15:02:58
66,Out,20-10-2020 15:03:03
85,Out,20-10-2020 15:03:06
36,Out,20-10-2020 15:03:10
68,Out,20-10-2020 15:03:17
175,Out,20-10-2020 15:03:19
215,Out,20-10-2020 15:03:22
188,Out,20-10-2020 15:03:25
115,Out,20-10-2020 15:03:29
150,Out,20-10-2020 15:03:33
71,Out,20-10-2020 15:03:44
83,Out,20-10-2020 15:03:47
28,Out,20-10-2020 15:03:55
57,Out,20-10-2020 15:04:22
54,Out,20-10-2020 15:04:38
208,Out,20-10-2020 15:04:43
65,Out,20-10-2020 15:04:46
168,Out,20-10-2020 15:04:50
205,Out,20-10-2020 15:04:52
176,Out,20-10-2020 15:04:55
192,Out,20-10-2020 15:05:07
187,Out,20-10-2020 15:05:11
194,Out,20-10-2020 15:05:15
94,Out,20-10-2020 15:05:37
151,Out,20-10-2020 15:05:41
5,Out,20-10-2020 15:06:06
98,Out,20-10-2020 15:06:35
146,Out,20-10-2020 15:06:42
92,Out,20-10-2020 15:06:45
154,Out,20-10-2020 15:07:01
63,Out,20-10-2020 15:08:00
136,Out,20-10-2020 15:08:04
135,Out,20-10-2020 15:08:08
250,Out,20-10-2020 15:08:12
119,Out,20-10-2020 15:09:16
148,Out,20-10-2020 15:09:28
174,Out,20-10-2020 15:09:33
80,Out,20-10-2020 15:09:36
219,Out,20-10-2020 15:09:40
82,Out,20-10-2020 15:09:43
124,Out,20-10-2020 15:10:19
62,Out,20-10-2020 15:10:32
120,Out,20-10-2020 15:11:12
179,Out,20-10-2020 15:11:16
223,Out,20-10-2020 15:11:25
121,Out,20-10-2020 15:11:29
149,Out,20-10-2020 15:14:44
231,Out,20-10-2020 15:14:51
229,Out,20-10-2020 15:15:14
228,Out,20-10-2020 15:15:30
233,Out,20-10-2020 15:15:42
195,Out,20-10-2020 15:16:28
243,Out,20-10-2020 15:17:49
190,Out,20-10-2020 15:17:53
224,Out,20-10-2020 15:17:59
242,Out,20-10-2020 15:18:05
256,Out,20-10-2020 15:18:09
255,Out,20-10-2020 15:18:15
109,Out,20-10-2020 15:18:18
254,Out,20-10-2020 15:18:22
257,Out,20-10-2020 15:18:30
123,Out,20-10-2020 15:20:48
99,Out,20-10-2020 15:20:52
165,Out,20-10-2020 15:20:55
101,Out,20-10-2020 15:20:59
103,Out,20-10-2020 15:21:04
102,Out,20-10-2020 15:21:07
104,Out,20-10-2020 15:21:11
164,Out,20-10-2020 15:21:13
241,Out,20-10-2020 15:21:25
234,Out,20-10-2020 15:21:28
35,Out,20-10-2020 15:21:52
147,Out,20-10-2020 15:22:22
237,Out,20-10-2020 15:22:25
236,Out,20-10-2020 15:22:29
232,Out,20-10-2020 15:23:02
220,Out,20-10-2020 15:23:08
235,Out,20-10-2020 15:23:14
170,Out,20-10-2020 15:23:16
137,Out,20-10-2020 15:23:30
59,Out,20-10-2020 15:23:34
20,Out,20-10-2020 15:23:36
230,Out,20-10-2020 15:24:40
238,Out,20-10-2020 15:24:49
262,Out,20-10-2020 15:30:58
213,Out,20-10-2020 15:32:54
13,Out,20-10-2020 15:53:15
75,Out,20-10-2020 15:56:58
75,Out,20-10-2020 15:57:17
253,Out,20-10-2020 15:57:34
226,Out,20-10-2020 15:58:18
261,Out,20-10-2020 15:58:31
251,Out,20-10-2020 15:58:35
159,Out,20-10-2020 15:58:44
226,Out,20-10-2020 15:59:28
226,Out,20-10-2020 15:59:47
17,Out,20-10-2020 16:00:11
77,Out,20-10-2020 16:00:15
77,Out,20-10-2020 16:00:27
161,Out,20-10-2020 16:00:32
22,Out,20-10-2020 16:00:35
261,Out,20-10-2020 16:00:44
17,Out,20-10-2020 16:00:54
79,Out,20-10-2020 16:01:07
139,Out,20-10-2020 16:01:12
158,Out,20-10-2020 16:01:15
251,Out,20-10-2020 16:01:18
158,Out,20-10-2020 16:01:39
177,Out,20-10-2020 16:01:47
139,Out,20-10-2020 16:01:53
29,Out,20-10-2020 16:01:59
29,Out,20-10-2020 16:02:15
177,Out,20-10-2020 16:02:26
177,Out,20-10-2020 16:02:28
34,Out,20-10-2020 16:02:37
17,Out,20-10-2020 16:02:46
155,Out,20-10-2020 16:02:52
41,Out,20-10-2020 16:02:58
37,Out,20-10-2020 16:10:28
37,Out,20-10-2020 16:10:30
156,Out,20-10-2020 16:10:33
156,Out,20-10-2020 16:10:36
76,Out,20-10-2020 16:12:01
38,Out,20-10-2020 16:12:07
184,Out,20-10-2020 16:12:10
15,Out,20-10-2020 16:12:12
23,Out,20-10-2020 16:14:17
61,Out,20-10-2020 16:15:23
169,Out,20-10-2020 16:17:37
199,Out,20-10-2020 16:26:57
6,Out,20-10-2020 16:32:08
252,Out,20-10-2020 16:32:39
260,Out,20-10-2020 16:32:47
26,Out,20-10-2020 16:34:03
2,Out,20-10-2020 16:34:09
9,Out,20-10-2020 16:36:02
11,Out,20-10-2020 16:41:47
191,Out,20-10-2020 16:42:24
138,Out,20-10-2020 16:42:31
258,Out,20-10-2020 16:47:43
259,Out,20-10-2020 16:47:46
171,Out,20-10-2020 16:47:52
25,Out,20-10-2020 16:55:18
4,Out,20-10-2020 16:59:16
106,Out,20-10-2020 17:03:43
221,Out,20-10-2020 17:22:20
204,Out,20-10-2020 17:22:27
166,Out,20-10-2020 17:26:03
206,Out,20-10-2020 18:43:51
160,In,21-10-2020 06:03:45
206,In,21-10-2020 06:15:36
77,In,21-10-2020 06:31:05
173,In,21-10-2020 06:41:24
136,In,21-10-2020 06:42:32
54,In,21-10-2020 06:45:37
121,In,21-10-2020 06:46:04
124,In,21-10-2020 06:46:49
139,In,21-10-2020 06:48:25
139,In,21-10-2020 06:48:28
155,In,21-10-2020 06:48:35
36,In,21-10-2020 06:50:50
158,In,21-10-2020 06:50:57
226,In,21-10-2020 06:52:32
150,In,21-10-2020 06:53:58
98,In,21-10-2020 06:54:02
115,In,21-10-2020 06:54:07
147,In,21-10-2020 06:54:11
57,In,21-10-2020 06:54:21
67,In,21-10-2020 06:57:09
262,In,21-10-2020 06:57:38
177,In,21-10-2020 06:57:53
29,In,21-10-2020 06:57:59
41,In,21-10-2020 06:58:05
34,In,21-10-2020 06:58:10
208,In,21-10-2020 06:58:22
208,In,21-10-2020 06:58:31
156,In,21-10-2020 06:59:09
8,In,21-10-2020 06:59:23
189,In,21-10-2020 06:59:34
178,In,21-10-2020 07:00:24
66,In,21-10-2020 07:01:03
19,In,21-10-2020 07:02:07
75,In,21-10-2020 07:04:11
76,In,21-10-2020 07:04:15
39,In,21-10-2020 07:04:19
39,In,21-10-2020 07:04:25
63,In,21-10-2020 07:04:28
65,In,21-10-2020 07:04:30
17,In,21-10-2020 07:04:53
17,In,21-10-2020 07:04:54
253,In,21-10-2020 07:05:28
101,In,21-10-2020 07:05:44
174,In,21-10-2020 07:05:50
106,In,21-10-2020 07:06:12
244,In,21-10-2020 07:07:42
146,In,21-10-2020 07:07:52
28,In,21-10-2020 07:07:57
213,In,21-10-2020 07:08:09
215,In,21-10-2020 07:08:18
215,In,21-10-2020 07:08:23
225,In,21-10-2020 07:09:00
6,In,21-10-2020 07:09:09
110,In,21-10-2020 07:09:34
117,In,21-10-2020 07:09:39
153,In,21-10-2020 07:09:45
70,In,21-10-2020 07:09:51
62,In,21-10-2020 07:09:55
154,In,21-10-2020 07:09:59
198,In,21-10-2020 07:10:29
207,In,21-10-2020 07:10:36
130,In,21-10-2020 07:10:40
236,In,21-10-2020 07:10:47
237,In,21-10-2020 07:10:54
214,In,21-10-2020 07:10:59
88,In,21-10-2020 07:11:01
131,In,21-10-2020 07:11:05
191,In,21-10-2020 07:11:11
53,In,21-10-2020 07:11:15
84,In,21-10-2020 07:11:31
116,In,21-10-2020 07:11:49
104,In,21-10-2020 07:12:28
113,In,21-10-2020 07:12:30
221,In,21-10-2020 07:12:37
230,In,21-10-2020 07:12:40
80,In,21-10-2020 07:12:47
247,In,21-10-2020 07:13:17
183,In,21-10-2020 07:14:30
182,In,21-10-2020 07:14:33
126,In,21-10-2020 07:14:42
170,In,21-10-2020 07:14:48
197,In,21-10-2020 07:14:59
196,In,21-10-2020 07:15:04
200,In,21-10-2020 07:15:42
82,In,21-10-2020 07:15:50
114,In,21-10-2020 07:15:55
184,In,21-10-2020 07:15:58
81,In,21-10-2020 07:16:02
241,In,21-10-2020 07:16:07
148,In,21-10-2020 07:16:12
256,In,21-10-2020 07:16:16
260,In,21-10-2020 07:16:50
149,In,21-10-2020 07:16:59
252,In,21-10-2020 07:17:03
61,In,21-10-2020 07:17:08
68,In,21-10-2020 07:17:26
20,In,21-10-2020 07:17:59
59,In,21-10-2020 07:18:01
24,In,21-10-2020 07:18:12
166,In,21-10-2020 07:18:22
164,In,21-10-2020 07:18:45
99,In,21-10-2020 07:18:47
125,In,21-10-2020 07:19:38
133,In,21-10-2020 07:19:48
128,In,21-10-2020 07:19:51
210,In,21-10-2020 07:19:57
181,In,21-10-2020 07:20:23
249,In,21-10-2020 07:20:29
231,In,21-10-2020 07:20:35
229,In,21-10-2020 07:20:38
71,In,21-10-2020 07:20:49
103,In,21-10-2020 07:21:03
242,In,21-10-2020 07:21:06
194,In,21-10-2020 07:21:27
137,In,21-10-2020 07:21:32
159,In,21-10-2020 07:21:40
26,In,21-10-2020 07:21:48
233,In,21-10-2020 07:22:00
234,In,21-10-2020 07:22:04
190,In,21-10-2020 07:22:33
205,In,21-10-2020 07:22:40
167,In,21-10-2020 07:23:16
240,In,21-10-2020 07:24:03
15,In,21-10-2020 07:24:45
250,In,21-10-2020 07:25:01
203,In,21-10-2020 07:25:07
163,In,21-10-2020 07:25:11
132,In,21-10-2020 07:25:15
74,In,21-10-2020 07:25:26
255,In,21-10-2020 07:25:45
37,In,21-10-2020 07:25:50
216,In,21-10-2020 07:25:56
176,In,21-10-2020 07:26:15
212,In,21-10-2020 07:27:22
211,In,21-10-2020 07:27:24
9,In,21-10-2020 07:27:45
85,In,21-10-2020 07:28:07
199,In,21-10-2020 07:28:10
160,In,21-10-2020 07:28:20
22,In,21-10-2020 07:28:28
94,In,21-10-2020 07:28:52
86,In,21-10-2020 07:29:00
151,In,21-10-2020 07:29:07
188,In,21-10-2020 07:29:44
52,In,21-10-2020 07:29:50
175,In,21-10-2020 07:30:02
218,In,21-10-2020 07:30:08
179,In,21-10-2020 07:30:23
243,In,21-10-2020 07:30:26
243,In,21-10-2020 07:30:27
111,In,21-10-2020 07:32:09
87,In,21-10-2020 07:32:45
185,In,21-10-2020 07:33:27
257,In,21-10-2020 07:33:41
165,In,21-10-2020 07:33:59
123,In,21-10-2020 07:34:02
102,In,21-10-2020 07:34:05
119,In,21-10-2020 07:34:07
120,In,21-10-2020 07:34:10
92,In,21-10-2020 07:34:14
193,In,21-10-2020 07:36:40
23,In,21-10-2020 07:36:54
79,In,21-10-2020 07:38:06
223,In,21-10-2020 07:38:10
192,In,21-10-2020 07:38:14
219,In,21-10-2020 07:38:18
201,In,21-10-2020 07:38:23
224,In,21-10-2020 07:38:29
195,In,21-10-2020 07:38:30
258,In,21-10-2020 07:38:36
259,In,21-10-2020 07:38:40
91,In,21-10-2020 07:38:43
187,In,21-10-2020 07:39:40
228,In,21-10-2020 07:39:46
171,In,21-10-2020 07:39:51
248,In,21-10-2020 07:41:26
83,In,21-10-2020 07:42:13
2,In,21-10-2020 07:45:42
118,In,21-10-2020 07:46:39
220,In,21-10-2020 07:46:45
238,In,21-10-2020 07:46:49
202,In,21-10-2020 07:46:54
204,In,21-10-2020 07:50:01
138,In,21-10-2020 07:50:20
168,In,21-10-2020 07:50:42
254,In,21-10-2020 07:51:42
109,In,21-10-2020 07:51:50
227,In,21-10-2020 07:55:57
13,In,21-10-2020 07:56:20
35,In,21-10-2020 07:56:26
232,In,21-10-2020 07:59:58
209,In,21-10-2020 08:07:43
55,In,21-10-2020 08:10:48
25,In,21-10-2020 08:15:36
5,In,21-10-2020 08:18:02
11,In,21-10-2020 08:58:38
169,In,21-10-2020 09:31:39
263,Out,21-10-2020 11:30:49
38,Out,21-10-2020 11:36:55
262,Out,21-10-2020 11:55:03
221,Out,21-10-2020 11:57:37
242,Out,21-10-2020 12:34:51
210,Out,21-10-2020 12:43:51
55,Out,21-10-2020 12:43:55
181,Out,21-10-2020 12:45:54
39,Out,21-10-2020 12:46:16
39,Out,21-10-2020 12:46:19
181,Out,21-10-2020 12:46:58
182,Out,21-10-2020 12:50:12
183,Out,21-10-2020 12:50:16
15,Out,21-10-2020 12:51:47
19,Out,21-10-2020 12:56:48
153,Out,21-10-2020 12:57:40
67,Out,21-10-2020 12:58:23
53,Out,21-10-2020 13:00:48
74,Out,21-10-2020 13:08:15
255,Out,21-10-2020 13:15:14
263,Out,21-10-2020 13:15:33
264,Out,21-10-2020 14:48:56
54,Out,21-10-2020 14:49:35
91,Out,21-10-2020 14:54:25
26,Out,21-10-2020 14:58:23
175,Out,21-10-2020 15:00:11
209,Out,21-10-2020 15:00:16
216,Out,21-10-2020 15:00:19
118,Out,21-10-2020 15:00:23
163,Out,21-10-2020 15:00:25
137,Out,21-10-2020 15:00:27
248,Out,21-10-2020 15:00:29
136,Out,21-10-2020 15:00:32
132,Out,21-10-2020 15:00:33
197,Out,21-10-2020 15:00:51
201,Out,21-10-2020 15:01:05
160,Out,21-10-2020 15:01:09
124,Out,21-10-2020 15:01:15
178,Out,21-10-2020 15:01:22
227,Out,21-10-2020 15:01:24
196,Out,21-10-2020 15:01:27
200,Out,21-10-2020 15:01:29
123,Out,21-10-2020 15:01:31
205,Out,21-10-2020 15:01:34
185,Out,21-10-2020 15:01:36
208,Out,21-10-2020 15:01:39
119,Out,21-10-2020 15:01:42
128,Out,21-10-2020 15:01:44
167,Out,21-10-2020 15:01:47
218,Out,21-10-2020 15:01:50
247,Out,21-10-2020 15:01:53
28,Out,21-10-2020 15:01:55
126,Out,21-10-2020 15:01:58
188,Out,21-10-2020 15:02:01
104,Out,21-10-2020 15:02:03
133,Out,21-10-2020 15:02:07
165,Out,21-10-2020 15:02:09
250,Out,21-10-2020 15:02:13
125,Out,21-10-2020 15:02:15
176,Out,21-10-2020 15:02:17
249,Out,21-10-2020 15:02:20
120,Out,21-10-2020 15:02:24
52,Out,21-10-2020 15:02:27
179,Out,21-10-2020 15:02:29
244,Out,21-10-2020 15:02:32
57,Out,21-10-2020 15:02:37
111,Out,21-10-2020 15:02:43
63,Out,21-10-2020 15:02:47
121,Out,21-10-2020 15:02:51
113,Out,21-10-2020 15:02:54
83,Out,21-10-2020 15:02:56
70,Out,21-10-2020 15:02:59
150,Out,21-10-2020 15:03:01
223,Out,21-10-2020 15:03:04
116,Out,21-10-2020 15:03:09
265,Out,21-10-2020 15:03:11
115,Out,21-10-2020 15:03:14
65,Out,21-10-2020 15:03:21
54,Out,21-10-2020 15:03:25
114,Out,21-10-2020 15:03:28
230,Out,21-10-2020 15:03:31
66,Out,21-10-2020 15:03:37
164,Out,21-10-2020 15:03:39
94,Out,21-10-2020 15:03:43
151,Out,21-10-2020 15:03:55
68,Out,21-10-2020 15:03:57
194,Out,21-10-2020 15:04:00
253,Out,21-10-2020 15:04:04
266,Out,21-10-2020 15:04:06
198,Out,21-10-2020 15:04:08
192,Out,21-10-2020 15:04:10
110,Out,21-10-2020 15:04:12
117,Out,21-10-2020 15:04:14
214,Out,21-10-2020 15:04:18
102,Out,21-10-2020 15:04:21
103,Out,21-10-2020 15:04:24
87,Out,21-10-2020 15:04:27
99,Out,21-10-2020 15:04:30
131,Out,21-10-2020 15:04:33
267,Out,21-10-2020 15:04:36
212,Out,21-10-2020 15:04:38
211,Out,21-10-2020 15:04:41
130,Out,21-10-2020 15:04:42
207,Out,21-10-2020 15:04:45
203,Out,21-10-2020 15:04:49
84,Out,21-10-2020 15:04:51
86,Out,21-10-2020 15:04:54
236,Out,21-10-2020 15:04:59
236,Out,21-10-2020 15:05:01
193,Out,21-10-2020 15:05:03
237,Out,21-10-2020 15:05:06
59,Out,21-10-2020 15:05:09
264,Out,21-10-2020 15:05:12
37,Out,21-10-2020 15:05:33
37,Out,21-10-2020 15:05:35
156,Out,21-10-2020 15:05:38
202,Out,21-10-2020 15:05:41
259,Out,21-10-2020 15:05:57
258,Out,21-10-2020 15:06:03
243,Out,21-10-2020 15:06:23
85,Out,21-10-2020 15:07:01
9,Out,21-10-2020 15:07:33
88,Out,21-10-2020 15:07:44
189,Out,21-10-2020 15:07:47
231,Out,21-10-2020 15:07:57
229,Out,21-10-2020 15:08:02
38,Out,21-10-2020 15:08:08
184,Out,21-10-2020 15:08:10
101,Out,21-10-2020 15:08:20
195,Out,21-10-2020 15:08:25
240,Out,21-10-2020 15:08:29
256,Out,21-10-2020 15:08:34
6,Out,21-10-2020 15:08:41
62,Out,21-10-2020 15:08:47
154,Out,21-10-2020 15:08:49
257,Out,21-10-2020 15:09:10
255,Out,21-10-2020 15:09:59
242,Out,21-10-2020 15:10:04
187,Out,21-10-2020 15:10:09
228,Out,21-10-2020 15:10:13
263,Out,21-10-2020 15:10:34
241,Out,21-10-2020 15:10:46
234,Out,21-10-2020 15:10:51
233,Out,21-10-2020 15:11:03
81,Out,21-10-2020 15:11:08
82,Out,21-10-2020 15:11:11
80,Out,21-10-2020 15:11:15
71,Out,21-10-2020 15:11:18
174,Out,21-10-2020 15:11:23
219,Out,21-10-2020 15:11:28
148,Out,21-10-2020 15:11:30
13,Out,21-10-2020 15:11:36
224,Out,21-10-2020 15:11:44
213,Out,21-10-2020 15:13:06
24,Out,21-10-2020 15:13:12
2,Out,21-10-2020 15:14:03
138,Out,21-10-2020 15:14:22
215,Out,21-10-2020 15:14:32
215,Out,21-10-2020 15:14:34
36,Out,21-10-2020 15:14:38
232,Out,21-10-2020 15:14:40
13,Out,21-10-2020 15:15:28
147,Out,21-10-2020 15:16:12
98,Out,21-10-2020 15:16:20
146,Out,21-10-2020 15:16:27
92,Out,21-10-2020 15:16:30
199,Out,21-10-2020 15:17:12
225,Out,21-10-2020 15:17:47
170,Out,21-10-2020 15:19:32
190,Out,21-10-2020 15:19:41
171,Out,21-10-2020 15:19:48
238,Out,21-10-2020 15:24:12
220,Out,21-10-2020 15:24:21
232,Out,21-10-2020 15:24:27
76,Out,21-10-2020 15:24:35
109,Out,21-10-2020 15:24:37
254,Out,21-10-2020 15:24:40
75,Out,21-10-2020 15:27:00
262,Out,21-10-2020 15:30:13
169,Out,21-10-2020 15:34:24
149,Out,21-10-2020 15:47:21
61,Out,21-10-2020 15:47:31
79,Out,21-10-2020 16:01:44
158,Out,21-10-2020 16:02:03
139,Out,21-10-2020 16:02:07
139,Out,21-10-2020 16:02:11
173,Out,21-10-2020 16:02:14
159,Out,21-10-2020 16:02:57
177,Out,21-10-2020 16:03:44
177,Out,21-10-2020 16:03:46
77,Out,21-10-2020 16:04:01
23,Out,21-10-2020 16:04:42
22,Out,21-10-2020 16:06:14
35,Out,21-10-2020 16:07:24
35,Out,21-10-2020 16:07:27
34,Out,21-10-2020 16:07:35
226,Out,21-10-2020 16:07:37
29,Out,21-10-2020 16:07:43
41,Out,21-10-2020 16:09:40
155,Out,21-10-2020 16:09:44
260,Out,21-10-2020 16:10:01
252,Out,21-10-2020 16:10:52
17,Out,21-10-2020 16:11:06
17,Out,21-10-2020 16:11:08
268,Out,21-10-2020 16:34:49
268,Out,21-10-2020 16:34:58
25,Out,21-10-2020 16:50:14
5,Out,21-10-2020 16:50:18
4,Out,21-10-2020 17:03:15
268,Out,21-10-2020 17:05:43
166,Out,21-10-2020 17:08:34
106,Out,21-10-2020 17:08:47
262,Out,21-10-2020 17:15:02
11,Out,21-10-2020 17:47:53
206,Out,21-10-2020 19:00:54
191,Out,21-10-2020 19:02:49
204,Out,21-10-2020 19:02:55
221,Out,21-10-2020 19:02:59
160,In,22-10-2020 05:48:08
206,In,22-10-2020 06:28:14
262,In,22-10-2020 06:34:24
173,In,22-10-2020 06:39:09
77,In,22-10-2020 06:39:13
77,In,22-10-2020 06:39:19
268,In,22-10-2020 06:42:04
124,In,22-10-2020 06:44:32
67,In,22-10-2020 06:46:18
139,In,22-10-2020 06:47:01
19,In,22-10-2020 06:49:49
124,In,22-10-2020 06:49:56
17,In,22-10-2020 06:50:57
135,In,22-10-2020 06:51:09
136,In,22-10-2020 06:51:17
54,In,22-10-2020 06:51:36
54,In,22-10-2020 06:51:38
67,In,22-10-2020 06:52:15
226,In,22-10-2020 06:53:27
98,In,22-10-2020 06:54:36
252,In,22-10-2020 06:54:43
41,In,22-10-2020 06:54:49
34,In,22-10-2020 06:54:59
29,In,22-10-2020 06:55:05
29,In,22-10-2020 06:55:07
177,In,22-10-2020 06:56:04
177,In,22-10-2020 06:56:06
196,In,22-10-2020 06:56:36
250,In,22-10-2020 06:57:33
36,In,22-10-2020 06:57:37
158,In,22-10-2020 06:57:41
158,In,22-10-2020 06:57:45
156,In,22-10-2020 06:58:29
37,In,22-10-2020 06:58:36
37,In,22-10-2020 06:58:38
210,In,22-10-2020 06:59:17
150,In,22-10-2020 07:00:19
115,In,22-10-2020 07:00:25
66,In,22-10-2020 07:00:29
66,In,22-10-2020 07:00:34
166,In,22-10-2020 07:00:58
166,In,22-10-2020 07:01:00
160,In,22-10-2020 07:01:05
57,In,22-10-2020 07:01:25
75,In,22-10-2020 07:01:31
208,In,22-10-2020 07:02:57
76,In,22-10-2020 07:03:14
63,In,22-10-2020 07:03:17
70,In,22-10-2020 07:03:19
59,In,22-10-2020 07:03:21
264,In,22-10-2020 07:03:24
265,In,22-10-2020 07:03:26
253,In,22-10-2020 07:03:30
215,In,22-10-2020 07:03:52
215,In,22-10-2020 07:03:58
28,In,22-10-2020 07:04:05
116,In,22-10-2020 07:04:16
106,In,22-10-2020 07:04:37
9,In,22-10-2020 07:04:49
6,In,22-10-2020 07:04:55
65,In,22-10-2020 07:05:02
189,In,22-10-2020 07:05:27
221,In,22-10-2020 07:05:50
224,In,22-10-2020 07:06:11
153,In,22-10-2020 07:06:22
178,In,22-10-2020 07:06:56
244,In,22-10-2020 07:07:08
126,In,22-10-2020 07:07:11
110,In,22-10-2020 07:07:15
117,In,22-10-2020 07:07:18
255,In,22-10-2020 07:07:24
255,In,22-10-2020 07:07:29
82,In,22-10-2020 07:07:34
81,In,22-10-2020 07:07:38
197,In,22-10-2020 07:07:42
39,In,22-10-2020 07:09:19
39,In,22-10-2020 07:09:21
68,In,22-10-2020 07:09:24
183,In,22-10-2020 07:09:52
182,In,22-10-2020 07:09:55
62,In,22-10-2020 07:11:23
154,In,22-10-2020 07:11:26
146,In,22-10-2020 07:11:55
266,In,22-10-2020 07:12:14
266,In,22-10-2020 07:12:15
213,In,22-10-2020 07:12:26
91,In,22-10-2020 07:12:39
101,In,22-10-2020 07:12:55
61,In,22-10-2020 07:13:03
174,In,22-10-2020 07:13:07
198,In,22-10-2020 07:13:11
130,In,22-10-2020 07:13:15
125,In,22-10-2020 07:13:19
128,In,22-10-2020 07:13:26
133,In,22-10-2020 07:13:28
88,In,22-10-2020 07:13:30
214,In,22-10-2020 07:13:35
207,In,22-10-2020 07:13:40
84,In,22-10-2020 07:13:44
131,In,22-10-2020 07:13:47
148,In,22-10-2020 07:13:55
22,In,22-10-2020 07:13:59
170,In,22-10-2020 07:14:05
231,In,22-10-2020 07:16:11
229,In,22-10-2020 07:16:16
114,In,22-10-2020 07:18:15
8,In,22-10-2020 07:18:26
249,In,22-10-2020 07:18:53
184,In,22-10-2020 07:19:01
38,In,22-10-2020 07:19:08
149,In,22-10-2020 07:19:10
216,In,22-10-2020 07:19:17
225,In,22-10-2020 07:19:40
219,In,22-10-2020 07:20:10
247,In,22-10-2020 07:20:14
179,In,22-10-2020 07:20:19
71,In,22-10-2020 07:20:22
26,In,22-10-2020 07:20:25
234,In,22-10-2020 07:20:32
233,In,22-10-2020 07:20:37
104,In,22-10-2020 07:20:43
113,In,22-10-2020 07:20:46
237,In,22-10-2020 07:21:31
236,In,22-10-2020 07:21:36
99,In,22-10-2020 07:21:41
240,In,22-10-2020 07:21:46
86,In,22-10-2020 07:21:49
24,In,22-10-2020 07:21:53
205,In,22-10-2020 07:21:56
200,In,22-10-2020 07:21:59
163,In,22-10-2020 07:22:02
132,In,22-10-2020 07:22:08
241,In,22-10-2020 07:22:13
190,In,22-10-2020 07:22:18
176,In,22-10-2020 07:22:40
242,In,22-10-2020 07:23:20
103,In,22-10-2020 07:23:39
164,In,22-10-2020 07:23:41
53,In,22-10-2020 07:23:47
120,In,22-10-2020 07:23:51
15,In,22-10-2020 07:23:55
102,In,22-10-2020 07:24:01
201,In,22-10-2020 07:24:11
185,In,22-10-2020 07:24:28
188,In,22-10-2020 07:24:55
118,In,22-10-2020 07:25:28
73,In,22-10-2020 07:25:52
159,In,22-10-2020 07:26:29
243,In,22-10-2020 07:27:27
167,In,22-10-2020 07:27:43
123,In,22-10-2020 07:27:46
165,In,22-10-2020 07:27:48
119,In,22-10-2020 07:27:51
211,In,22-10-2020 07:28:23
212,In,22-10-2020 07:28:28
203,In,22-10-2020 07:28:32
256,In,22-10-2020 07:28:52
202,In,22-10-2020 07:28:57
218,In,22-10-2020 07:29:02
191,In,22-10-2020 07:29:06
138,In,22-10-2020 07:29:14
94,In,22-10-2020 07:29:29
151,In,22-10-2020 07:29:36
52,In,22-10-2020 07:30:05
139,In,22-10-2020 07:30:54
80,In,22-10-2020 07:31:18
137,In,22-10-2020 07:31:36
199,In,22-10-2020 07:31:46
195,In,22-10-2020 07:32:19
223,In,22-10-2020 07:33:02
55,In,22-10-2020 07:33:36
238,In,22-10-2020 07:34:29
235,In,22-10-2020 07:34:34
220,In,22-10-2020 07:34:36
92,In,22-10-2020 07:35:46
228,In,22-10-2020 07:36:13
187,In,22-10-2020 07:36:21
168,In,22-10-2020 07:36:32
171,In,22-10-2020 07:37:22
263,In,22-10-2020 07:37:24
79,In,22-10-2020 07:38:12
192,In,22-10-2020 07:38:38
194,In,22-10-2020 07:38:44
87,In,22-10-2020 07:38:56
85,In,22-10-2020 07:39:03
258,In,22-10-2020 07:41:16
259,In,22-10-2020 07:41:19
109,In,22-10-2020 07:41:22
254,In,22-10-2020 07:41:26
193,In,22-10-2020 07:44:44
74,In,22-10-2020 07:45:24
257,In,22-10-2020 07:45:48
74,In,22-10-2020 07:46:18
175,In,22-10-2020 07:49:29
83,In,22-10-2020 07:50:24
23,In,22-10-2020 07:50:43
209,In,22-10-2020 07:53:09
260,In,22-10-2020 07:54:10
35,In,22-10-2020 07:57:02
2,In,22-10-2020 07:57:43
232,In,22-10-2020 07:59:06
227,In,22-10-2020 08:00:02
204,In,22-10-2020 08:01:06
13,In,22-10-2020 08:01:23
111,In,22-10-2020 08:01:29
25,In,22-10-2020 08:05:41
5,In,22-10-2020 08:10:50
181,In,22-10-2020 08:16:54
169,In,22-10-2020 08:39:15
11,In,22-10-2020 08:58:22
265,In,22-10-2020 09:31:45
266,In,22-10-2020 09:31:50